{
  "overall": {
    "benchmarkTimeMs": 4995421,
    "embeddingInitTimeMs": 148,
    "llmInitTimeMs": 3287,
    "indexSource": "SCRATCH"
  },
  "task": {
    "name": "trivia_qa",
    "generation_metrics": {
      "total_input_tokens": 87000,
      "total_output_tokens": 31696,
      "overall_duration_ms": 3607437,
      "ttft_ms": {
        "avg": 597.172,
        "min": 340.0,
        "max": 741.0,
        "p95": 664.0,
        "p99": 689.01
      },
      "decoding_speed_toks_per_sec": {
        "avg": 10.240948694153255,
        "min": 9.132420091324201,
        "max": 16.431924882629108,
        "p95": 11.475409836065573,
        "p99": 12.94046287734654
      },
      "query_embeddings_ms": {
        "avg": 13.04,
        "min": 11.0,
        "max": 15.0,
        "p95": 14.0,
        "p99": 15.0
      },
      "retrieve_top_k_docs_ns": {
        "avg": 60963.352,
        "min": 37188.0,
        "max": 148386.0,
        "p95": 67138.55,
        "p99": 98340.29
      },
      "tpot_ms": {
        "avg": 97.78713838936669,
        "min": 58.0,
        "max": 128.0,
        "p95": 109.0,
        "p99": 114.0
      },
      "accuracy": {
        "bleu": 0.0,
        "rouge1": 1.6514614980181073,
        "rouge2": 0.010526315789473684,
        "rougeL": 1.6140088993346957,
        "bleu_max": 0.44693573228854977,
        "rouge1_max": 1.6450923979834382,
        "rouge2_max": 0.010526315789473684,
        "rougeL_max": 1.6101651344831285,
        "exact_match": 0.0,
        "f1": 0.3472786477086594,
        "contains": 0.009
      }
    },
    "faiss_metrics": {
      "initIndexTimeNs": 2845938,
      "trainingTimeNs": 0,
      "buildTimeMs": 1381019,
      "loadTimeNs": 0,
      "saveTimeNs": 1506197,
      "chunkingTimeNs": {
        "count": 1457,
        "totalNs": 102129627424,
        "minNs": 1371927,
        "maxNs": 347030677,
        "avgNs": 70095832
      },
      "embeddingTimeNs": {
        "count": 44440,
        "totalNs": 1276156499386,
        "minNs": 10566719,
        "maxNs": 58654323,
        "avgNs": 28716392
      },
      "addTimeNs": {
        "count": 1,
        "totalNs": 19424375,
        "minNs": 19424375,
        "maxNs": 19424375,
        "avgNs": 19424375
      },
      "readTimeNs": {
        "count": 0,
        "totalNs": 0,
        "minNs": null,
        "maxNs": 0,
        "avgNs": 0
      },
      "ivfStats": null,
      "hnswStats": {
        "ntotal": 31,
        "nhops": 25782,
        "n1": 1000,
        "n2": 1000,
        "ndis": 36975
      },
      "flatStats": null
    }
  },
  "hardware": {
    "memory": {
      "beforeMB": 6834,
      "meanMB": 8092,
      "peakMB": 8485
    },
    "power": {
      "currentMa": {
        "mean": 0.1877971,
        "peak": 0.723
      },
      "voltageV": {
        "mean": 4.1674323,
        "peak": 4.222
      },
      "powerMw": {
        "mean": 0.77915853,
        "peak": 3.035877
      },
      "temperatureC": {
        "mean": 39.414665,
        "peak": 42.2
      }
    }
  }
}