{
  "overall": {
    "benchmarkTimeMs": 5735960,
    "embeddingInitTimeMs": 225,
    "llmInitTimeMs": 2331,
    "indexSource": "SCRATCH"
  },
  "task": {
    "name": "trivia_qa",
    "generation_metrics": {
      "total_input_tokens": 87000,
      "total_output_tokens": 31696,
      "overall_duration_ms": 4005858,
      "ttft_ms": {
        "avg": 653.292,
        "min": 351.0,
        "max": 847.0,
        "p95": 774.0,
        "p99": 817.02
      },
      "decoding_speed_toks_per_sec": {
        "avg": 9.240693829126773,
        "min": 8.016032064128256,
        "max": 14.802631578947368,
        "p95": 11.170034491734997,
        "p99": 13.540707560864334
      },
      "query_embeddings_ms": {
        "avg": 16.566,
        "min": 12.0,
        "max": 26.0,
        "p95": 18.0,
        "p99": 19.0
      },
      "retrieve_top_k_docs_ns": {
        "avg": 56858.759,
        "min": 40468.0,
        "max": 332083.0,
        "p95": 66682.59999999999,
        "p99": 99020.97999999994
      },
      "tpot_ms": {
        "avg": 108.90295152462862,
        "min": 61.0,
        "max": 157.0,
        "p95": 124.0,
        "p99": 129.0
      },
      "accuracy": {
        "bleu": 0.0,
        "rouge1": 1.6514614980181073,
        "rouge2": 0.010526315789473684,
        "rougeL": 1.6140088993346957,
        "bleu_max": 0.44693573228854977,
        "rouge1_max": 1.6450923979834382,
        "rouge2_max": 0.010526315789473684,
        "rougeL_max": 1.6101651344831285,
        "exact_match": 0.0,
        "f1": 0.3472786477086594,
        "contains": 0.009
      }
    },
    "faiss_metrics": {
      "initIndexTimeNs": 120312,
      "trainingTimeNs": 0,
      "buildTimeMs": 1723399,
      "loadTimeNs": 0,
      "saveTimeNs": 762500,
      "chunkingTimeNs": {
        "count": 1457,
        "totalNs": 125809177458,
        "minNs": 893438,
        "maxNs": 439280625,
        "avgNs": 86348097
      },
      "embeddingTimeNs": {
        "count": 44440,
        "totalNs": 1594615382051,
        "minNs": 9873073,
        "maxNs": 56477708,
        "avgNs": 35882434
      },
      "addTimeNs": {
        "count": 1,
        "totalNs": 23727969,
        "minNs": 23727969,
        "maxNs": 23727969,
        "avgNs": 23727969
      },
      "readTimeNs": {
        "count": 0,
        "totalNs": 0,
        "minNs": null,
        "maxNs": 0,
        "avgNs": 0
      },
      "ivfStats": null,
      "hnswStats": null,
      "flatStats": {
        "ntotal": 31,
        "distances_per_query": 31
      }
    }
  },
  "hardware": {
    "memory": {
      "beforeMB": 6057,
      "meanMB": 7306,
      "peakMB": 7860
    },
    "power": {
      "currentMa": {
        "mean": 0.14765258,
        "peak": 0.487
      },
      "voltageV": {
        "mean": 4.2981586,
        "peak": 4.335
      },
      "powerMw": {
        "mean": 0.63386816,
        "peak": 2.111145
      },
      "temperatureC": {
        "mean": 37.698475,
        "peak": 39.8
      }
    }
  }
}