{
  "overall": {
    "benchmarkTimeMs": 970192,
    "testTimeMs": 4552,
    "indexSource": "SCRATCH"
  },
  "dataset": {
    "name": "glove_100",
    "metrics": {
      "recall@k": {
        "1": 0.9772,
        "2": 0.9772,
        "3": 0.9772
      },
      "precision@k": {
        "1": 1.0,
        "2": 1.0,
        "3": 1.0
      },
      "latency": {
        "mean_ns": 426435.8,
        "median_ns": 427760.0,
        "p95_ns": 429018.0,
        "p99_ns": 429018.0
      },
      "qps": 2345.0188750569255
    },
    "faiss_metrics": {
      "initIndexTimeNs": 30000,
      "trainingTimeNs": 0,
      "buildTimeMs": 964947,
      "loadTimeNs": 0,
      "saveTimeNs": 669270625,
      "chunkingTimeNs": {
        "count": 0,
        "totalNs": 0,
        "minNs": null,
        "maxNs": 0,
        "avgNs": 0
      },
      "embeddingTimeNs": {
        "count": 0,
        "totalNs": 0,
        "minNs": null,
        "maxNs": 0,
        "avgNs": 0
      },
      "addTimeNs": {
        "count": 592,
        "totalNs": 962410103280,
        "minNs": 246111562,
        "maxNs": 2235072343,
        "avgNs": 1625692742
      },
      "readTimeNs": {
        "count": 1183514,
        "totalNs": 675611894,
        "minNs": 156,
        "maxNs": 5687604,
        "avgNs": 570
      },
      "ivfStats": null,
      "hnswStats": {
        "ntotal": 1183514,
        "nhops": 3296606,
        "n1": 10000,
        "n2": 10000,
        "ndis": 119394013
      },
      "flatStats": null
    }
  },
  "hardware": {
    "memory": {
      "beforeMB": 9377,
      "meanMB": 9870,
      "peakMB": 10468
    },
    "power": {
      "currentMa": {
        "mean": 0.26014298,
        "peak": 0.582
      },
      "voltageV": {
        "mean": 3.8672647,
        "peak": 3.883
      },
      "powerMw": {
        "mean": 1.0062928,
        "peak": 2.2494302
      },
      "temperatureC": {
        "mean": 40.218056,
        "peak": 40.5
      }
    }
  }
}