{
  "overall": {
    "benchmarkTimeMs": 729419,
    "testTimeMs": 4787,
    "indexSource": "SCRATCH"
  },
  "dataset": {
    "name": "sift",
    "metrics": {
      "recall@k": {
        "1": 0.9921,
        "2": 0.9995,
        "3": 0.9995,
        "4": 0.9995,
        "5": 0.9995
      },
      "precision@k": {
        "1": 1.0,
        "2": 1.0,
        "3": 1.0,
        "4": 1.0,
        "5": 1.0
      },
      "latency": {
        "mean_ns": 403939.0,
        "median_ns": 414196.0,
        "p95_ns": 424658.0,
        "p99_ns": 424658.0
      },
      "qps": 2475.6213190605513
    },
    "faiss_metrics": {
      "initIndexTimeNs": 40000,
      "trainingTimeNs": 0,
      "buildTimeMs": 723145,
      "loadTimeNs": 0,
      "saveTimeNs": 1342342395,
      "chunkingTimeNs": {
        "count": 0,
        "totalNs": 0,
        "minNs": null,
        "maxNs": 0,
        "avgNs": 0
      },
      "embeddingTimeNs": {
        "count": 0,
        "totalNs": 0,
        "minNs": null,
        "maxNs": 0,
        "avgNs": 0
      },
      "addTimeNs": {
        "count": 500,
        "totalNs": 718055918270,
        "minNs": 132978437,
        "maxNs": 3495526717,
        "avgNs": 1436111836
      },
      "readTimeNs": {
        "count": 1000000,
        "totalNs": 573978134,
        "minNs": 156,
        "maxNs": 6385313,
        "avgNs": 573
      },
      "ivfStats": null,
      "hnswStats": {
        "ntotal": 1000000,
        "nhops": 1688860,
        "n1": 10000,
        "n2": 10000,
        "ndis": 38672411
      },
      "flatStats": null
    }
  },
  "hardware": {
    "memory": {
      "beforeMB": 11565,
      "meanMB": 12068,
      "peakMB": 12467
    },
    "power": {
      "currentMa": {
        "mean": 0.02085007,
        "peak": 0.203
      },
      "voltageV": {
        "mean": 2.8449821,
        "peak": 2.885
      },
      "powerMw": {
        "mean": 0.059423342,
        "peak": 0.585655
      },
      "temperatureC": {
        "mean": 35.0,
        "peak": 35.0
      }
    }
  }
}