{
  "overall": {
    "benchmarkTimeMs": 960639,
    "testTimeMs": 4672,
    "indexSource": "SCRATCH"
  },
  "dataset": {
    "name": "glove_100",
    "metrics": {
      "recall@k": {
        "1": 0.9765,
        "2": 0.9765,
        "3": 0.9765,
        "4": 0.9765,
        "5": 0.9765
      },
      "precision@k": {
        "1": 1.0,
        "2": 1.0,
        "3": 1.0,
        "4": 1.0,
        "5": 1.0
      },
      "latency": {
        "mean_ns": 423990.4,
        "median_ns": 425318.0,
        "p95_ns": 428363.0,
        "p99_ns": 428363.0
      },
      "qps": 2358.5439670332157
    },
    "faiss_metrics": {
      "initIndexTimeNs": 30937,
      "trainingTimeNs": 0,
      "buildTimeMs": 955309,
      "loadTimeNs": 0,
      "saveTimeNs": 630432656,
      "chunkingTimeNs": {
        "count": 0,
        "totalNs": 0,
        "minNs": null,
        "maxNs": 0,
        "avgNs": 0
      },
      "embeddingTimeNs": {
        "count": 0,
        "totalNs": 0,
        "minNs": null,
        "maxNs": 0,
        "avgNs": 0
      },
      "addTimeNs": {
        "count": 592,
        "totalNs": 952263824946,
        "minNs": 79833281,
        "maxNs": 2490131405,
        "avgNs": 1608553758
      },
      "readTimeNs": {
        "count": 1183514,
        "totalNs": 525450700,
        "minNs": 156,
        "maxNs": 6517187,
        "avgNs": 443
      },
      "ivfStats": null,
      "hnswStats": {
        "ntotal": 1183514,
        "nhops": 3296908,
        "n1": 10000,
        "n2": 10000,
        "ndis": 119411743
      },
      "flatStats": null
    }
  },
  "hardware": {
    "memory": {
      "beforeMB": 5242,
      "meanMB": 5658,
      "peakMB": 6313
    },
    "power": {
      "currentMa": {
        "mean": 0.30135918,
        "peak": 0.788
      },
      "voltageV": {
        "mean": 3.4254417,
        "peak": 3.444
      },
      "powerMw": {
        "mean": 1.0328985,
        "peak": 2.7122958
      },
      "temperatureC": {
        "mean": 44.07148,
        "peak": 45.3
      }
    }
  }
}