{
    "memory": {
        "beforeMB": 7644,
        "meanMB": 9933,
        "peakMB": 10614
    },
    "power": {
        "currentMa": {
            "mean": 0.20891552,
            "peak": 0.686
        },
        "voltageV": {
            "mean": 3.477543,
            "peak": 3.686
        },
        "powerMw": {
            "mean": 0.7048169,
            "peak": 2.528596
        },
        "temperatureC": {
            "mean": 37.708504,
            "peak": 41.1
        }
    }
}