{
  "overall": {
    "benchmarkTimeMs": 57502,
    "testTimeMs": 4942,
    "indexSource": "SCRATCH"
  },
  "dataset": {
    "name": "ny_times",
    "metrics": {
      "recall@k": {
        "1": 0.8109,
        "2": 0.859,
        "3": 0.8753,
        "4": 0.8827,
        "5": 0.8876
      },
      "precision@k": {
        "1": 0.9991,
        "2": 0.9991,
        "3": 0.9991,
        "4": 0.9991,
        "5": 0.9991
      },
      "latency": {
        "mean_ns": 429006.2,
        "median_ns": 408270.0,
        "p95_ns": 517964.0,
        "p99_ns": 517964.0
      },
      "qps": 2330.968643343616
    },
    "faiss_metrics": {
      "initIndexTimeNs": 334323,
      "trainingTimeNs": 44669932483,
      "buildTimeMs": 6872,
      "loadTimeNs": 0,
      "saveTimeNs": 301968646,
      "chunkingTimeNs": {
        "count": 0,
        "totalNs": 0,
        "minNs": null,
        "maxNs": 0,
        "avgNs": 0
      },
      "embeddingTimeNs": {
        "count": 0,
        "totalNs": 0,
        "minNs": null,
        "maxNs": 0,
        "avgNs": 0
      },
      "addTimeNs": {
        "count": 145,
        "totalNs": 6176707180,
        "minNs": 20095000,
        "maxNs": 188316406,
        "avgNs": 42597980
      },
      "readTimeNs": {
        "count": 290000,
        "totalNs": 224625368,
        "minNs": 156,
        "maxNs": 1598593,
        "avgNs": 774
      },
      "ivfStats": {
        "ntotal": 290000,
        "ivf_nq": 10000,
        "ivf_nlist": 430000,
        "ivf_ndis": 66256040,
        "ivf_search_time_ms": 28259.8,
        "ivf_quant_time_ms": 1435.29
      },
      "hnswStats": null,
      "flatStats": null
    }
  },
  "hardware": {
    "memory": {
      "beforeMB": 11298,
      "meanMB": 11655,
      "peakMB": 11860
    },
    "power": {
      "currentMa": {
        "mean": 0.12170186,
        "peak": 0.273
      },
      "voltageV": {
        "mean": 2.8762577,
        "peak": 2.941
      },
      "powerMw": {
        "mean": 0.3519342,
        "peak": 0.802893
      },
      "temperatureC": {
        "mean": 34.1,
        "peak": 34.1
      }
    }
  }
}