{
  "overall": {
    "benchmarkTimeMs": 406648,
    "testTimeMs": 7978,
    "indexSource": "SCRATCH"
  },
  "dataset": {
    "name": "glove_100",
    "metrics": {
      "recall@k": {
        "1": 0.9376,
        "2": 0.9376,
        "3": 0.9376,
        "4": 0.9376,
        "5": 0.9376
      },
      "precision@k": {
        "1": 1.0,
        "2": 1.0,
        "3": 1.0,
        "4": 1.0,
        "5": 1.0
      },
      "latency": {
        "mean_ns": 734568.8,
        "median_ns": 711094.0,
        "p95_ns": 839967.0,
        "p99_ns": 839967.0
      },
      "qps": 1361.3428721720823
    },
    "faiss_metrics": {
      "initIndexTimeNs": 1291562,
      "trainingTimeNs": 347409683878,
      "buildTimeMs": 49959,
      "loadTimeNs": 0,
      "saveTimeNs": 283431094,
      "chunkingTimeNs": {
        "count": 0,
        "totalNs": 0,
        "minNs": null,
        "maxNs": 0,
        "avgNs": 0
      },
      "embeddingTimeNs": {
        "count": 0,
        "totalNs": 0,
        "minNs": null,
        "maxNs": 0,
        "avgNs": 0
      },
      "addTimeNs": {
        "count": 592,
        "totalNs": 48514962849,
        "minNs": 51676094,
        "maxNs": 182583125,
        "avgNs": 81950950
      },
      "readTimeNs": {
        "count": 1183514,
        "totalNs": 451420717,
        "minNs": 52,
        "maxNs": 277969,
        "avgNs": 381
      },
      "ivfStats": {
        "ntotal": 1183514,
        "ivf_nq": 10000,
        "ivf_nlist": 1740000,
        "ivf_ndis": 269143093,
        "ivf_search_time_ms": 48777.8,
        "ivf_quant_time_ms": 5966.45
      },
      "hnswStats": null,
      "flatStats": null
    }
  },
  "hardware": {
    "memory": {
      "beforeMB": 7108,
      "meanMB": 7614,
      "peakMB": 7845
    },
    "power": {
      "currentMa": {
        "mean": 0.04472056,
        "peak": 0.294
      },
      "voltageV": {
        "mean": 2.852053,
        "peak": 2.942
      },
      "powerMw": {
        "mean": 0.12834562,
        "peak": 0.864948
      },
      "temperatureC": {
        "mean": 32.30512,
        "peak": 32.5
      }
    }
  }
}