{
  "overall": {
    "benchmarkTimeMs": 7182672,
    "embeddingInitTimeMs": 188,
    "llmInitTimeMs": 3221,
    "indexSource": "SCRATCH"
  },
  "task": {
    "name": "trivia_qa",
    "generation_metrics": {
      "total_input_tokens": 86909,
      "total_output_tokens": 31305,
      "overall_duration_ms": 3411840,
      "ttft_ms": {
        "avg": 536.304,
        "min": 337.0,
        "max": 777.0,
        "p95": 659.0,
        "p99": 680.0
      },
      "decoding_speed_toks_per_sec": {
        "avg": 10.661020461671319,
        "min": 9.25925925925926,
        "max": 14.760147601476016,
        "p95": 11.911250845875541,
        "p99": 13.137535087336559
      },
      "query_embeddings_ms": {
        "avg": 13.777,
        "min": 11.0,
        "max": 22.0,
        "p95": 15.0,
        "p99": 16.0
      },
      "retrieve_top_k_docs_ns": {
        "avg": 2746050.551,
        "min": 2067916.0,
        "max": 4971042.0,
        "p95": 3204232.1,
        "p99": 4129191.9099999983
      },
      "tpot_ms": {
        "avg": 94.60316779409338,
        "min": 58.0,
        "max": 130.0,
        "p95": 108.0,
        "p99": 113.0
      },
      "accuracy": {
        "bleu": 0.0,
        "rouge1": 2.599962299494856,
        "rouge2": 0.3337253950684979,
        "rougeL": 2.567192324978391,
        "bleu_max": 0.6061782053583559,
        "rouge1_max": 2.614657509614214,
        "rouge2_max": 0.3347314016491064,
        "rougeL_max": 2.568008052549287,
        "exact_match": 0.0,
        "f1": 0.3455289642445351,
        "contains": 0.071
      }
    },
    "faiss_metrics": {
      "initIndexTimeNs": 30209,
      "trainingTimeNs": 1400310625,
      "buildTimeMs": 3762442,
      "loadTimeNs": 0,
      "saveTimeNs": 235803333,
      "chunkingTimeNs": {
        "count": 3580,
        "totalNs": 229122125130,
        "minNs": 1155938,
        "maxNs": 394502499,
        "avgNs": 64000593
      },
      "embeddingTimeNs": {
        "count": 247709,
        "totalNs": 3342086272833,
        "minNs": 10943125,
        "maxNs": 33294219,
        "avgNs": 13491985
      },
      "addTimeNs": {
        "count": 124,
        "totalNs": 129671737193,
        "minNs": 814502135,
        "maxNs": 1257301093,
        "avgNs": 1045739816
      },
      "readTimeNs": {
        "count": 0,
        "totalNs": 0,
        "minNs": null,
        "maxNs": 0,
        "avgNs": 0
      },
      "ivfStats": {
        "ntotal": 247709,
        "ivf_nq": 1000,
        "ivf_nlist": 49000,
        "ivf_ndis": 26865842,
        "ivf_search_time_ms": 2689.67,
        "ivf_quant_time_ms": 71.4702
      },
      "hnswStats": null,
      "flatStats": null
    }
  },
  "hardware": {
    "memory": {
      "beforeMB": 7781,
      "meanMB": 9185,
      "peakMB": 10114
    },
    "power": {
      "currentMa": {
        "mean": 0.1426972,
        "peak": 0.53
      },
      "voltageV": {
        "mean": 3.9923396,
        "peak": 4.027
      },
      "powerMw": {
        "mean": 0.5649918,
        "peak": 2.1093998
      },
      "temperatureC": {
        "mean": 31.939512,
        "peak": 37.4
      }
    }
  }
}