{
  "overall": {
    "benchmarkTimeMs": 4772183,
    "embeddingInitTimeMs": 126,
    "llmInitTimeMs": 2974,
    "indexSource": "SCRATCH"
  },
  "task": {
    "name": "trivia_qa",
    "generation_metrics": {
      "total_input_tokens": 87000,
      "total_output_tokens": 30653,
      "overall_duration_ms": 3445960,
      "ttft_ms": {
        "avg": 583.39,
        "min": 329.0,
        "max": 699.0,
        "p95": 663.0,
        "p99": 681.02
      },
      "decoding_speed_toks_per_sec": {
        "avg": 10.402884010600667,
        "min": 8.928571428571429,
        "max": 15.748031496062993,
        "p95": 11.522671681950575,
        "p99": 14.176578132988578
      },
      "query_embeddings_ms": {
        "avg": 12.75,
        "min": 11.0,
        "max": 18.0,
        "p95": 14.0,
        "p99": 15.0
      },
      "retrieve_top_k_docs_ns": {
        "avg": 506634.326,
        "min": 323958.0,
        "max": 1912761.0,
        "p95": 599169.6,
        "p99": 647376.2899999999
      },
      "tpot_ms": {
        "avg": 96.2525208241999,
        "min": 56.0,
        "max": 172.0,
        "p95": 108.0,
        "p99": 113.0
      },
      "accuracy": {
        "bleu": 0.0007269601545109432,
        "rouge1": 2.1526740372540627,
        "rouge2": 0.18603530657821216,
        "rougeL": 2.081611944688004,
        "bleu_max": 0.4848653545416929,
        "rouge1_max": 2.1585731006917523,
        "rouge2_max": 0.18777564704857783,
        "rougeL_max": 2.0905627293834184,
        "exact_match": 0.0,
        "f1": 0.34811463022789296,
        "contains": 0.036
      }
    },
    "faiss_metrics": {
      "initIndexTimeNs": 45000,
      "trainingTimeNs": 958226719,
      "buildTimeMs": 26020,
      "loadTimeNs": 0,
      "saveTimeNs": 34997656,
      "chunkingTimeNs": {
        "count": 1457,
        "totalNs": 94297522846,
        "minNs": 1293073,
        "maxNs": 305777969,
        "avgNs": 64720331
      },
      "embeddingTimeNs": {
        "count": 44440,
        "totalNs": 1187612044605,
        "minNs": 10603906,
        "maxNs": 47736823,
        "avgNs": 26723943
      },
      "addTimeNs": {
        "count": 23,
        "totalNs": 24416258271,
        "minNs": 185503698,
        "maxNs": 1222904948,
        "avgNs": 1061576446
      },
      "readTimeNs": {
        "count": 0,
        "totalNs": 0,
        "minNs": null,
        "maxNs": 0,
        "avgNs": 0
      },
      "ivfStats": {
        "ntotal": 44440,
        "ivf_nq": 1000,
        "ivf_nlist": 21000,
        "ivf_ndis": 4468926,
        "ivf_search_time_ms": 466.659,
        "ivf_quant_time_ms": 34.4485
      },
      "hnswStats": null,
      "flatStats": null
    }
  },
  "hardware": {
    "memory": {
      "beforeMB": 6593,
      "meanMB": 8063,
      "peakMB": 9020
    },
    "power": {
      "currentMa": {
        "mean": 0.24887736,
        "peak": 1.011
      },
      "voltageV": {
        "mean": 3.268494,
        "peak": 3.414
      },
      "powerMw": {
        "mean": 0.80084497,
        "peak": 3.08355
      },
      "temperatureC": {
        "mean": 36.614967,
        "peak": 39.1
      }
    }
  }
}