{
  "overall": {
    "benchmarkTimeMs": 224031,
    "testTimeMs": 10914,
    "indexSource": "SCRATCH"
  },
  "dataset": {
    "name": "ny_times",
    "metrics": {
      "recall@k": {
        "1": 0.8636,
        "2": 0.9145,
        "3": 0.9311,
        "4": 0.9385,
        "5": 0.9436
      },
      "precision@k": {
        "1": 0.9991,
        "2": 0.9991,
        "3": 0.9991,
        "4": 0.9991,
        "5": 0.9991
      },
      "latency": {
        "mean_ns": 1024080.0,
        "median_ns": 959318.0,
        "p95_ns": 1179370.0,
        "p99_ns": 1179370.0
      },
      "qps": 976.4862120146863
    },
    "faiss_metrics": {
      "initIndexTimeNs": 1170625,
      "trainingTimeNs": 187606632116,
      "buildTimeMs": 24367,
      "loadTimeNs": 0,
      "saveTimeNs": 368521406,
      "chunkingTimeNs": {
        "count": 0,
        "totalNs": 0,
        "minNs": null,
        "maxNs": 0,
        "avgNs": 0
      },
      "embeddingTimeNs": {
        "count": 0,
        "totalNs": 0,
        "minNs": null,
        "maxNs": 0,
        "avgNs": 0
      },
      "addTimeNs": {
        "count": 145,
        "totalNs": 23700360560,
        "minNs": 78080104,
        "maxNs": 375150937,
        "avgNs": 163450762
      },
      "readTimeNs": {
        "count": 290000,
        "totalNs": 196187247,
        "minNs": 156,
        "maxNs": 1331042,
        "avgNs": 676
      },
      "ivfStats": {
        "ntotal": 290000,
        "ivf_nq": 10000,
        "ivf_nlist": 3450000,
        "ivf_ndis": 125861481,
        "ivf_search_time_ms": 67694.8,
        "ivf_quant_time_ms": 12562.1
      },
      "hnswStats": null,
      "flatStats": null
    }
  },
  "hardware": {
    "memory": {
      "beforeMB": 5549,
      "meanMB": 5884,
      "peakMB": 6027
    },
    "power": {
      "currentMa": {
        "mean": 0.046807274,
        "peak": 0.276
      },
      "voltageV": {
        "mean": 2.870903,
        "peak": 2.917
      },
      "powerMw": {
        "mean": 0.13491172,
        "peak": 0.805092
      },
      "temperatureC": {
        "mean": 34.385365,
        "peak": 34.4
      }
    }
  }
}