{
  "overall": {
    "benchmarkTimeMs": 17963,
    "testTimeMs": 4137,
    "indexSource": "SCRATCH"
  },
  "dataset": {
    "name": "last_fm",
    "metrics": {
      "recall@k": {
        "1": 0.97748,
        "2": 0.97748,
        "3": 0.97748,
        "4": 0.97748,
        "5": 0.97748
      },
      "precision@k": {
        "1": 0.99886,
        "2": 0.99879,
        "3": 0.9987466666666667,
        "4": 0.99871,
        "5": 0.9986839999999999
      },
      "latency": {
        "mean_ns": 49272.44,
        "median_ns": 52064.0,
        "p95_ns": 62560.0,
        "p99_ns": 65865.0
      },
      "qps": 20295.32127899491
    },
    "faiss_metrics": {
      "initIndexTimeNs": 54375,
      "trainingTimeNs": 0,
      "buildTimeMs": 13680,
      "loadTimeNs": 0,
      "saveTimeNs": 113447761,
      "chunkingTimeNs": {
        "count": 0,
        "totalNs": 0,
        "minNs": null,
        "maxNs": 0,
        "avgNs": 0
      },
      "embeddingTimeNs": {
        "count": 0,
        "totalNs": 0,
        "minNs": null,
        "maxNs": 0,
        "avgNs": 0
      },
      "addTimeNs": {
        "count": 147,
        "totalNs": 13316278898,
        "minNs": 16930104,
        "maxNs": 221881562,
        "avgNs": 90586931
      },
      "readTimeNs": {
        "count": 292385,
        "totalNs": 131065685,
        "minNs": 52,
        "maxNs": 286875,
        "avgNs": 448
      },
      "ivfStats": null,
      "hnswStats": {
        "ntotal": 292385,
        "nhops": 8971685,
        "n1": 50000,
        "n2": 50000,
        "ndis": 49850199
      },
      "flatStats": null
    }
  },
  "hardware": {
    "memory": {
      "beforeMB": 11691,
      "meanMB": 11798,
      "peakMB": 11904
    },
    "power": {
      "currentMa": {
        "mean": 0.22452179,
        "peak": 0.478
      },
      "voltageV": {
        "mean": 2.8932307,
        "peak": 2.896
      },
      "powerMw": {
        "mean": 0.6499908,
        "peak": 1.384288
      },
      "temperatureC": {
        "mean": 33.1,
        "peak": 33.1
      }
    }
  }
}