{
  "overall": {
    "benchmarkTimeMs": 860014,
    "testTimeMs": 39252,
    "indexSource": "SCRATCH"
  },
  "dataset": {
    "name": "glove_100",
    "metrics": {
      "recall@k": {
        "1": 0.9931,
        "2": 0.9931,
        "3": 0.9931,
        "4": 0.9931,
        "5": 0.9931
      },
      "precision@k": {
        "1": 1.0,
        "2": 1.0,
        "3": 1.0,
        "4": 1.0,
        "5": 1.0
      },
      "latency": {
        "mean_ns": 3877018.8,
        "median_ns": 3751794.0,
        "p95_ns": 4219712.0,
        "p99_ns": 4219712.0
      },
      "qps": 257.93013951853936
    },
    "faiss_metrics": {
      "initIndexTimeNs": 2726562,
      "trainingTimeNs": 720878396443,
      "buildTimeMs": 98322,
      "loadTimeNs": 0,
      "saveTimeNs": 589402135,
      "chunkingTimeNs": {
        "count": 0,
        "totalNs": 0,
        "minNs": null,
        "maxNs": 0,
        "avgNs": 0
      },
      "embeddingTimeNs": {
        "count": 0,
        "totalNs": 0,
        "minNs": null,
        "maxNs": 0,
        "avgNs": 0
      },
      "addTimeNs": {
        "count": 592,
        "totalNs": 97238673497,
        "minNs": 100157865,
        "maxNs": 376808385,
        "avgNs": 164254516
      },
      "readTimeNs": {
        "count": 1183514,
        "totalNs": 370237044,
        "minNs": 52,
        "maxNs": 176875,
        "avgNs": 312
      },
      "ivfStats": {
        "ntotal": 1183514,
        "ivf_nq": 10000,
        "ivf_nlist": 17410000,
        "ivf_ndis": 1340186477,
        "ivf_search_time_ms": 269422.0,
        "ivf_quant_time_ms": 23749.5
      },
      "hnswStats": null,
      "flatStats": null
    }
  },
  "hardware": {
    "memory": {
      "beforeMB": 10090,
      "meanMB": 10664,
      "peakMB": 10991
    },
    "power": {
      "currentMa": {
        "mean": 0.039187014,
        "peak": 0.296
      },
      "voltageV": {
        "mean": 2.8455458,
        "peak": 2.939
      },
      "powerMw": {
        "mean": 0.11199838,
        "peak": 0.85159206
      },
      "temperatureC": {
        "mean": 32.006805,
        "peak": 32.1
      }
    }
  }
}