{
  "overall": {
    "benchmarkTimeMs": 384762,
    "testTimeMs": 2376,
    "indexSource": "SCRATCH"
  },
  "dataset": {
    "name": "glove_100",
    "metrics": {
      "recall@k": {
        "1": 0.9356,
        "2": 0.9356,
        "3": 0.9356,
        "4": 0.9356,
        "5": 0.9356
      },
      "precision@k": {
        "1": 1.0,
        "2": 1.0,
        "3": 1.0,
        "4": 1.0,
        "5": 1.0
      },
      "latency": {
        "mean_ns": 200405.6,
        "median_ns": 197706.0,
        "p95_ns": 212739.0,
        "p99_ns": 212739.0
      },
      "qps": 4989.880522300774
    },
    "faiss_metrics": {
      "initIndexTimeNs": 33802,
      "trainingTimeNs": 0,
      "buildTimeMs": 381696,
      "loadTimeNs": 0,
      "saveTimeNs": 657616719,
      "chunkingTimeNs": {
        "count": 0,
        "totalNs": 0,
        "minNs": null,
        "maxNs": 0,
        "avgNs": 0
      },
      "embeddingTimeNs": {
        "count": 0,
        "totalNs": 0,
        "minNs": null,
        "maxNs": 0,
        "avgNs": 0
      },
      "addTimeNs": {
        "count": 592,
        "totalNs": 379636009948,
        "minNs": 127500157,
        "maxNs": 1226414062,
        "avgNs": 641277043
      },
      "readTimeNs": {
        "count": 1183514,
        "totalNs": 756714921,
        "minNs": 156,
        "maxNs": 3832291,
        "avgNs": 639
      },
      "ivfStats": null,
      "hnswStats": {
        "ntotal": 1183514,
        "nhops": 1716554,
        "n1": 10000,
        "n2": 10000,
        "ndis": 55310909
      },
      "flatStats": null
    }
  },
  "hardware": {
    "memory": {
      "beforeMB": 12687,
      "meanMB": 13052,
      "peakMB": 13745
    },
    "power": {
      "currentMa": {
        "mean": 0.4274546,
        "peak": 0.626
      },
      "voltageV": {
        "mean": 3.5836012,
        "peak": 3.605
      },
      "powerMw": {
        "mean": 1.5328089,
        "peak": 2.25673
      },
      "temperatureC": {
        "mean": 40.944786,
        "peak": 41.8
      }
    }
  }
}