{
  "overall": {
    "benchmarkTimeMs": 735788,
    "testTimeMs": 2437,
    "indexSource": "SCRATCH"
  },
  "dataset": {
    "name": "sift",
    "metrics": {
      "recall@k": {
        "1": 0.9855,
        "2": 0.9927,
        "3": 0.9927,
        "4": 0.9927,
        "5": 0.9927
      },
      "precision@k": {
        "1": 1.0,
        "2": 1.0,
        "3": 1.0,
        "4": 1.0,
        "5": 1.0
      },
      "latency": {
        "mean_ns": 178658.4,
        "median_ns": 178591.0,
        "p95_ns": 189731.0,
        "p99_ns": 189731.0
      },
      "qps": 5597.2739037179335
    },
    "faiss_metrics": {
      "initIndexTimeNs": 2639948,
      "trainingTimeNs": 0,
      "buildTimeMs": 727397,
      "loadTimeNs": 0,
      "saveTimeNs": 5899450779,
      "chunkingTimeNs": {
        "count": 0,
        "totalNs": 0,
        "minNs": null,
        "maxNs": 0,
        "avgNs": 0
      },
      "embeddingTimeNs": {
        "count": 0,
        "totalNs": 0,
        "minNs": null,
        "maxNs": 0,
        "avgNs": 0
      },
      "addTimeNs": {
        "count": 500,
        "totalNs": 721337233801,
        "minNs": 100603646,
        "maxNs": 2144366562,
        "avgNs": 1442674467
      },
      "readTimeNs": {
        "count": 1000000,
        "totalNs": 672082265,
        "minNs": 156,
        "maxNs": 87934167,
        "avgNs": 672
      },
      "ivfStats": null,
      "hnswStats": {
        "ntotal": 1000000,
        "nhops": 733933,
        "n1": 10000,
        "n2": 10000,
        "ndis": 18934505
      },
      "flatStats": null
    }
  },
  "hardware": {
    "memory": {
      "beforeMB": 12907,
      "meanMB": 13339,
      "peakMB": 13666
    },
    "power": {
      "currentMa": {
        "mean": 0.02361891,
        "peak": 0.291
      },
      "voltageV": {
        "mean": 2.8305104,
        "peak": 2.898
      },
      "powerMw": {
        "mean": 0.0670763,
        "peak": 0.84331805
      },
      "temperatureC": {
        "mean": 35.115112,
        "peak": 35.2
      }
    }
  }
}