{
  "overall": {
    "benchmarkTimeMs": 755103,
    "testTimeMs": 1070,
    "indexSource": "SCRATCH"
  },
  "dataset": {
    "name": "sift",
    "metrics": {
      "recall@k": {
        "1": 0.9878,
        "2": 0.9952,
        "3": 0.9952,
        "4": 0.9952,
        "5": 0.9952
      },
      "precision@k": {
        "1": 1.0,
        "2": 1.0,
        "3": 1.0,
        "4": 1.0,
        "5": 1.0
      },
      "latency": {
        "mean_ns": 73373.6,
        "median_ns": 72106.0,
        "p95_ns": 77550.0,
        "p99_ns": 77550.0
      },
      "qps": 13628.880142176477
    },
    "faiss_metrics": {
      "initIndexTimeNs": 22917,
      "trainingTimeNs": 0,
      "buildTimeMs": 753372,
      "loadTimeNs": 0,
      "saveTimeNs": 632488854,
      "chunkingTimeNs": {
        "count": 0,
        "totalNs": 0,
        "minNs": null,
        "maxNs": 0,
        "avgNs": 0
      },
      "embeddingTimeNs": {
        "count": 0,
        "totalNs": 0,
        "minNs": null,
        "maxNs": 0,
        "avgNs": 0
      },
      "addTimeNs": {
        "count": 500,
        "totalNs": 750945403147,
        "minNs": 146163593,
        "maxNs": 2303037708,
        "avgNs": 1501890806
      },
      "readTimeNs": {
        "count": 1000000,
        "totalNs": 483077565,
        "minNs": 156,
        "maxNs": 15757135,
        "avgNs": 483
      },
      "ivfStats": null,
      "hnswStats": {
        "ntotal": 1000000,
        "nhops": 733770,
        "n1": 10000,
        "n2": 10000,
        "ndis": 20576707
      },
      "flatStats": null
    }
  },
  "hardware": {
    "memory": {
      "beforeMB": 10637,
      "meanMB": 11086,
      "peakMB": 11415
    },
    "power": {
      "currentMa": {
        "mean": 0.20155664,
        "peak": 0.463
      },
      "voltageV": {
        "mean": 3.9273837,
        "peak": 3.928
      },
      "powerMw": {
        "mean": 0.79160655,
        "peak": 1.818664
      },
      "temperatureC": {
        "mean": 38.593025,
        "peak": 38.9
      }
    }
  }
}