{
  "overall": {
    "benchmarkTimeMs": 15140,
    "testTimeMs": 2511,
    "indexSource": "SCRATCH"
  },
  "dataset": {
    "name": "last_fm",
    "metrics": {
      "recall@k": {
        "1": 0.94838,
        "2": 0.94838,
        "3": 0.94838
      },
      "precision@k": {
        "1": 0.99476,
        "2": 0.99453,
        "3": 0.9943666666666668
      },
      "latency": {
        "mean_ns": 28564.92,
        "median_ns": 26302.0,
        "p95_ns": 42064.0,
        "p99_ns": 42418.0
      },
      "qps": 35007.97481666324
    },
    "faiss_metrics": {
      "initIndexTimeNs": 43594,
      "trainingTimeNs": 0,
      "buildTimeMs": 12499,
      "loadTimeNs": 0,
      "saveTimeNs": 101012813,
      "chunkingTimeNs": {
        "count": 0,
        "totalNs": 0,
        "minNs": null,
        "maxNs": 0,
        "avgNs": 0
      },
      "embeddingTimeNs": {
        "count": 0,
        "totalNs": 0,
        "minNs": null,
        "maxNs": 0,
        "avgNs": 0
      },
      "addTimeNs": {
        "count": 147,
        "totalNs": 12102778432,
        "minNs": 15760208,
        "maxNs": 291505417,
        "avgNs": 82331826
      },
      "readTimeNs": {
        "count": 292385,
        "totalNs": 144254309,
        "minNs": 52,
        "maxNs": 887240,
        "avgNs": 493
      },
      "ivfStats": null,
      "hnswStats": {
        "ntotal": 292385,
        "nhops": 4973239,
        "n1": 50000,
        "n2": 50000,
        "ndis": 32443225
      },
      "flatStats": null
    }
  },
  "hardware": {
    "memory": {
      "beforeMB": 11947,
      "meanMB": 12070,
      "peakMB": 12161
    },
    "power": {
      "currentMa": {
        "mean": 0.32272565,
        "peak": 0.505
      },
      "voltageV": {
        "mean": 2.9334042,
        "peak": 2.938
      },
      "powerMw": {
        "mean": 0.94695467,
        "peak": 1.48369
      },
      "temperatureC": {
        "mean": 32.887905,
        "peak": 32.9
      }
    }
  }
}