{
  "overall": {
    "benchmarkTimeMs": 2293950,
    "embeddingInitTimeMs": 153,
    "llmInitTimeMs": 2799,
    "indexSource": "SCRATCH"
  },
  "task": {
    "name": "hotpot_qa",
    "generation_metrics": {
      "total_input_tokens": 86893,
      "total_output_tokens": 17681,
      "overall_duration_ms": 2070534,
      "ttft_ms": {
        "avg": 530.212,
        "min": 340.0,
        "max": 719.0,
        "p95": 666.0,
        "p99": 689.02
      },
      "decoding_speed_toks_per_sec": {
        "avg": 10.920075978724514,
        "min": 9.00900900900901,
        "max": 16.35514018691589,
        "p95": 12.032166000630642,
        "p99": 14.731374257150707
      },
      "query_embeddings_ms": {
        "avg": 13.208,
        "min": 12.0,
        "max": 16.0,
        "p95": 15.0,
        "p99": 15.0
      },
      "retrieve_top_k_docs_ns": {
        "avg": 120723.892,
        "min": 83333.0,
        "max": 1816510.0,
        "p95": 160465.49999999994,
        "p99": 214032.39999999997
      },
      "tpot_ms": {
        "avg": 91.90426233439243,
        "min": 58.0,
        "max": 120.0,
        "p95": 105.0,
        "p99": 111.0
      },
      "accuracy": {
        "bleu": 0.004052053441094971,
        "rouge1": 1.5610986569636989,
        "rouge2": 0.641353298962819,
        "rougeL": 1.5380286760051936,
        "bleu_max": 0.5010661808062568,
        "rouge1_max": 1.55479541233351,
        "rouge2_max": 0.6465000972128783,
        "rougeL_max": 1.5265164268262634,
        "exact_match": 0.0,
        "f1": 0.2987091388843472,
        "contains": 0.043
      }
    },
    "faiss_metrics": {
      "initIndexTimeNs": 22813,
      "trainingTimeNs": 250883594,
      "buildTimeMs": 218809,
      "loadTimeNs": 0,
      "saveTimeNs": 12587708,
      "chunkingTimeNs": {
        "count": 9927,
        "totalNs": 17589578629,
        "minNs": 441250,
        "maxNs": 22123854,
        "avgNs": 1771892
      },
      "embeddingTimeNs": {
        "count": 10932,
        "totalNs": 183173592030,
        "minNs": 11555365,
        "maxNs": 33640781,
        "avgNs": 16755725
      },
      "addTimeNs": {
        "count": 6,
        "totalNs": 5310739790,
        "minNs": 533811822,
        "maxNs": 1110987031,
        "avgNs": 885123298
      },
      "readTimeNs": {
        "count": 0,
        "totalNs": 0,
        "minNs": null,
        "maxNs": 0,
        "avgNs": 0
      },
      "ivfStats": {
        "ntotal": 10932,
        "ivf_nq": 1000,
        "ivf_nlist": 5000,
        "ivf_ndis": 312532,
        "ivf_search_time_ms": 70.8813,
        "ivf_quant_time_ms": 29.6165
      },
      "hnswStats": null,
      "flatStats": null
    }
  },
  "hardware": {
    "memory": {
      "beforeMB": 6707,
      "meanMB": 8114,
      "peakMB": 8373
    },
    "power": {
      "currentMa": {
        "mean": 0.25918087,
        "peak": 0.535
      },
      "voltageV": {
        "mean": 4.237236,
        "peak": 4.277
      },
      "powerMw": {
        "mean": 1.0970151,
        "peak": 2.2881951
      },
      "temperatureC": {
        "mean": 41.457172,
        "peak": 42.9
      }
    }
  }
}