{
  "overall": {
    "benchmarkTimeMs": 128571,
    "testTimeMs": 19569,
    "indexSource": "SCRATCH"
  },
  "dataset": {
    "name": "ny_times",
    "metrics": {
      "recall@k": {
        "1": 0.8734,
        "2": 0.9242,
        "3": 0.9408,
        "4": 0.9482,
        "5": 0.9532
      },
      "precision@k": {
        "1": 0.9991,
        "2": 0.9991,
        "3": 0.9991,
        "4": 0.9991,
        "5": 0.9991
      },
      "latency": {
        "mean_ns": 1902079.2,
        "median_ns": 1902694.0,
        "p95_ns": 1996402.0,
        "p99_ns": 1996402.0
      },
      "qps": 525.7404633834385
    },
    "faiss_metrics": {
      "initIndexTimeNs": 880468,
      "trainingTimeNs": 95040743818,
      "buildTimeMs": 12635,
      "loadTimeNs": 0,
      "saveTimeNs": 595233802,
      "chunkingTimeNs": {
        "count": 0,
        "totalNs": 0,
        "minNs": null,
        "maxNs": 0,
        "avgNs": 0
      },
      "embeddingTimeNs": {
        "count": 0,
        "totalNs": 0,
        "minNs": null,
        "maxNs": 0,
        "avgNs": 0
      },
      "addTimeNs": {
        "count": 145,
        "totalNs": 12078435256,
        "minNs": 38083802,
        "maxNs": 164795313,
        "avgNs": 83299553
      },
      "readTimeNs": {
        "count": 290000,
        "totalNs": 169547864,
        "minNs": 156,
        "maxNs": 1009115,
        "avgNs": 584
      },
      "ivfStats": {
        "ntotal": 290000,
        "ivf_nq": 10000,
        "ivf_nlist": 4310000,
        "ivf_ndis": 305662975,
        "ivf_search_time_ms": 131630.0,
        "ivf_quant_time_ms": 8333.1
      },
      "hnswStats": null,
      "flatStats": null
    }
  },
  "hardware": {
    "memory": {
      "beforeMB": 12885,
      "meanMB": 13244,
      "peakMB": 13366
    },
    "power": {
      "currentMa": {
        "mean": 0.057860937,
        "peak": 0.268
      },
      "voltageV": {
        "mean": 2.8738346,
        "peak": 2.923
      },
      "powerMw": {
        "mean": 0.16697006,
        "peak": 0.78336406
      },
      "temperatureC": {
        "mean": 34.2,
        "peak": 34.2
      }
    }
  }
}