{
  "overall": {
    "benchmarkTimeMs": 268697,
    "testTimeMs": 1321,
    "indexSource": "SCRATCH"
  },
  "dataset": {
    "name": "glove_100",
    "metrics": {
      "recall@k": {
        "1": 0.8744,
        "2": 0.8744,
        "3": 0.8744,
        "4": 0.8744,
        "5": 0.8744
      },
      "precision@k": {
        "1": 0.9998,
        "2": 0.9997,
        "3": 0.9996,
        "4": 0.999425,
        "5": 0.9993200000000001
      },
      "latency": {
        "mean_ns": 85041.8,
        "median_ns": 84775.0,
        "p95_ns": 86751.0,
        "p99_ns": 86751.0
      },
      "qps": 11758.923258915027
    },
    "faiss_metrics": {
      "initIndexTimeNs": 328282,
      "trainingTimeNs": 0,
      "buildTimeMs": 266984,
      "loadTimeNs": 0,
      "saveTimeNs": 323990885,
      "chunkingTimeNs": {
        "count": 0,
        "totalNs": 0,
        "minNs": null,
        "maxNs": 0,
        "avgNs": 0
      },
      "embeddingTimeNs": {
        "count": 0,
        "totalNs": 0,
        "minNs": null,
        "maxNs": 0,
        "avgNs": 0
      },
      "addTimeNs": {
        "count": 592,
        "totalNs": 265982743857,
        "minNs": 65619479,
        "maxNs": 759732969,
        "avgNs": 449295175
      },
      "readTimeNs": {
        "count": 1183514,
        "totalNs": 332907635,
        "minNs": 52,
        "maxNs": 1350260,
        "avgNs": 281
      },
      "ivfStats": null,
      "hnswStats": {
        "ntotal": 1183514,
        "nhops": 770158,
        "n1": 10000,
        "n2": 10000,
        "ndis": 26748609
      },
      "flatStats": null
    }
  },
  "hardware": {
    "memory": {
      "beforeMB": 6424,
      "meanMB": 7012,
      "peakMB": 7882
    },
    "power": {
      "currentMa": {
        "mean": 0.7334319,
        "peak": 0.79
      },
      "voltageV": {
        "mean": 3.999411,
        "peak": 4.085
      },
      "powerMw": {
        "mean": 2.9328506,
        "peak": 3.2108102
      },
      "temperatureC": {
        "mean": 24.620283,
        "peak": 28.0
      }
    }
  }
}