{
  "overall": {
    "benchmarkTimeMs": 329917,
    "testTimeMs": 4350,
    "indexSource": "SCRATCH"
  },
  "dataset": {
    "name": "ny_times",
    "metrics": {
      "recall@k": {
        "1": 0.8169,
        "2": 0.8654,
        "3": 0.882,
        "4": 0.8911,
        "5": 0.8961
      },
      "precision@k": {
        "1": 0.9983,
        "2": 0.9981,
        "3": 0.9978666666666668,
        "4": 0.99765,
        "5": 0.99746
      },
      "latency": {
        "mean_ns": 296057.6,
        "median_ns": 248747.0,
        "p95_ns": 391645.0,
        "p99_ns": 391645.0
      },
      "qps": 3377.7210921118053
    },
    "faiss_metrics": {
      "initIndexTimeNs": 55156,
      "trainingTimeNs": 0,
      "buildTimeMs": 325183,
      "loadTimeNs": 0,
      "saveTimeNs": 323906563,
      "chunkingTimeNs": {
        "count": 0,
        "totalNs": 0,
        "minNs": null,
        "maxNs": 0,
        "avgNs": 0
      },
      "embeddingTimeNs": {
        "count": 0,
        "totalNs": 0,
        "minNs": null,
        "maxNs": 0,
        "avgNs": 0
      },
      "addTimeNs": {
        "count": 145,
        "totalNs": 324052564762,
        "minNs": 145142239,
        "maxNs": 3600879217,
        "avgNs": 2234845274
      },
      "readTimeNs": {
        "count": 290000,
        "totalNs": 237454237,
        "minNs": 52,
        "maxNs": 6663594,
        "avgNs": 818
      },
      "ivfStats": null,
      "hnswStats": {
        "ntotal": 290000,
        "nhops": 980397,
        "n1": 10000,
        "n2": 10000,
        "ndis": 18834329
      },
      "flatStats": null
    }
  },
  "hardware": {
    "memory": {
      "beforeMB": 5340,
      "meanMB": 5562,
      "peakMB": 5938
    },
    "power": {
      "currentMa": {
        "mean": 0.03476417,
        "peak": 0.279
      },
      "voltageV": {
        "mean": 2.853167,
        "peak": 2.918
      },
      "powerMw": {
        "mean": 0.09968153,
        "peak": 0.814122
      },
      "temperatureC": {
        "mean": 34.009953,
        "peak": 34.1
      }
    }
  }
}