{
  "overall": {
    "benchmarkTimeMs": 445403,
    "testTimeMs": 34466,
    "indexSource": "SCRATCH"
  },
  "dataset": {
    "name": "glove_100",
    "metrics": {
      "recall@k": {
        "1": 0.9871,
        "2": 0.9871,
        "3": 0.9871,
        "4": 0.9871,
        "5": 0.9871
      },
      "precision@k": {
        "1": 1.0,
        "2": 1.0,
        "3": 1.0,
        "4": 1.0,
        "5": 1.0
      },
      "latency": {
        "mean_ns": 3407174.0,
        "median_ns": 3419870.0,
        "p95_ns": 3449518.0,
        "p99_ns": 3449518.0
      },
      "qps": 293.4983655076025
    },
    "faiss_metrics": {
      "initIndexTimeNs": 1763281,
      "trainingTimeNs": 359599634498,
      "buildTimeMs": 49873,
      "loadTimeNs": 0,
      "saveTimeNs": 430740521,
      "chunkingTimeNs": {
        "count": 0,
        "totalNs": 0,
        "minNs": null,
        "maxNs": 0,
        "avgNs": 0
      },
      "embeddingTimeNs": {
        "count": 0,
        "totalNs": 0,
        "minNs": null,
        "maxNs": 0,
        "avgNs": 0
      },
      "addTimeNs": {
        "count": 592,
        "totalNs": 48530944305,
        "minNs": 34580469,
        "maxNs": 209406875,
        "avgNs": 81977946
      },
      "readTimeNs": {
        "count": 1183514,
        "totalNs": 454295831,
        "minNs": 52,
        "maxNs": 660105,
        "avgNs": 383
      },
      "ivfStats": {
        "ntotal": 1183514,
        "ivf_nq": 10000,
        "ivf_nlist": 8700000,
        "ivf_ndis": 1274092571,
        "ivf_search_time_ms": 245498.0,
        "ivf_quant_time_ms": 11016.6
      },
      "hnswStats": null,
      "flatStats": null
    }
  },
  "hardware": {
    "memory": {
      "beforeMB": 8900,
      "meanMB": 9444,
      "peakMB": 9650
    },
    "power": {
      "currentMa": {
        "mean": 0.034375682,
        "peak": 0.299
      },
      "voltageV": {
        "mean": 2.8522978,
        "peak": 2.935
      },
      "powerMw": {
        "mean": 0.09833079,
        "peak": 0.87756497
      },
      "temperatureC": {
        "mean": 32.363937,
        "peak": 32.5
      }
    }
  }
}