{
    "memory": {
        "beforeMB": 6462,
        "meanMB": 8048,
        "peakMB": 8331
    },
    "power": {
        "currentMa": {
            "mean": 0.27648267,
            "peak": 0.539
        },
        "voltageV": {
            "mean": 3.799877,
            "peak": 3.866
        },
        "powerMw": {
            "mean": 1.0499614,
            "peak": 2.0611358
        },
        "temperatureC": {
            "mean": 36.50032,
            "peak": 37.3
        }
    }
}