{
  "overall": {
    "benchmarkTimeMs": 344012,
    "testTimeMs": 2339,
    "indexSource": "SCRATCH"
  },
  "dataset": {
    "name": "ny_times",
    "metrics": {
      "recall@k": {
        "1": 0.7503,
        "2": 0.7953,
        "3": 0.8127
      },
      "precision@k": {
        "1": 0.991,
        "2": 0.9868,
        "3": 0.9828666666666668
      },
      "latency": {
        "mean_ns": 153398.6,
        "median_ns": 170611.0,
        "p95_ns": 173172.0,
        "p99_ns": 173172.0
      },
      "qps": 6518.964319100695
    },
    "faiss_metrics": {
      "initIndexTimeNs": 52239,
      "trainingTimeNs": 0,
      "buildTimeMs": 340892,
      "loadTimeNs": 0,
      "saveTimeNs": 742829531,
      "chunkingTimeNs": {
        "count": 0,
        "totalNs": 0,
        "minNs": null,
        "maxNs": 0,
        "avgNs": 0
      },
      "embeddingTimeNs": {
        "count": 0,
        "totalNs": 0,
        "minNs": null,
        "maxNs": 0,
        "avgNs": 0
      },
      "addTimeNs": {
        "count": 145,
        "totalNs": 339715997379,
        "minNs": 158203907,
        "maxNs": 4529387394,
        "avgNs": 2342868947
      },
      "readTimeNs": {
        "count": 290000,
        "totalNs": 545026800,
        "minNs": 156,
        "maxNs": 64240469,
        "avgNs": 1879
      },
      "ivfStats": null,
      "hnswStats": {
        "ntotal": 290000,
        "nhops": 492760,
        "n1": 10000,
        "n2": 10000,
        "ndis": 9711077
      },
      "flatStats": null
    }
  },
  "hardware": {
    "memory": {
      "beforeMB": 12525,
      "meanMB": 12722,
      "peakMB": 13038
    },
    "power": {
      "currentMa": {
        "mean": 0.037828997,
        "peak": 0.3
      },
      "voltageV": {
        "mean": 2.84571,
        "peak": 2.901
      },
      "powerMw": {
        "mean": 0.10803541,
        "peak": 0.87030005
      },
      "temperatureC": {
        "mean": 33.8,
        "peak": 33.8
      }
    }
  }
}