{
  "overall": {
    "benchmarkTimeMs": 443823,
    "testTimeMs": 14400,
    "indexSource": "SCRATCH"
  },
  "dataset": {
    "name": "glove_100",
    "metrics": {
      "recall@k": {
        "1": 0.9634,
        "2": 0.9634,
        "3": 0.9634,
        "4": 0.9634,
        "5": 0.9634
      },
      "precision@k": {
        "1": 1.0,
        "2": 1.0,
        "3": 1.0,
        "4": 1.0,
        "5": 1.0
      },
      "latency": {
        "mean_ns": 1398571.4,
        "median_ns": 1340580.0,
        "p95_ns": 1826648.0,
        "p99_ns": 1826648.0
      },
      "qps": 715.0153363639497
    },
    "faiss_metrics": {
      "initIndexTimeNs": 1668229,
      "trainingTimeNs": 374161491524,
      "buildTimeMs": 53869,
      "loadTimeNs": 0,
      "saveTimeNs": 461752395,
      "chunkingTimeNs": {
        "count": 0,
        "totalNs": 0,
        "minNs": null,
        "maxNs": 0,
        "avgNs": 0
      },
      "embeddingTimeNs": {
        "count": 0,
        "totalNs": 0,
        "minNs": null,
        "maxNs": 0,
        "avgNs": 0
      },
      "addTimeNs": {
        "count": 592,
        "totalNs": 52222093960,
        "minNs": 37451094,
        "maxNs": 389168698,
        "avgNs": 88212996
      },
      "readTimeNs": {
        "count": 1183514,
        "totalNs": 515749450,
        "minNs": 52,
        "maxNs": 10904895,
        "avgNs": 435
      },
      "ivfStats": {
        "ntotal": 1183514,
        "ivf_nq": 10000,
        "ivf_nlist": 3480000,
        "ivf_ndis": 524562082,
        "ivf_search_time_ms": 92101.1,
        "ivf_quant_time_ms": 6485.29
      },
      "hnswStats": null,
      "flatStats": null
    }
  },
  "hardware": {
    "memory": {
      "beforeMB": 7772,
      "meanMB": 7996,
      "peakMB": 8265
    },
    "power": {
      "currentMa": {
        "mean": 0.046797648,
        "peak": 0.262
      },
      "voltageV": {
        "mean": 2.8568273,
        "peak": 2.935
      },
      "powerMw": {
        "mean": 0.13390422,
        "peak": 0.74748594
      },
      "temperatureC": {
        "mean": 32.5,
        "peak": 32.5
      }
    }
  }
}