{
  "overall": {
    "benchmarkTimeMs": 835317,
    "testTimeMs": 17514,
    "indexSource": "SCRATCH"
  },
  "dataset": {
    "name": "glove_100",
    "metrics": {
      "recall@k": {
        "1": 0.9756,
        "2": 0.9756,
        "3": 0.9756
      },
      "precision@k": {
        "1": 1.0,
        "2": 1.0,
        "3": 1.0
      },
      "latency": {
        "mean_ns": 1716751.8,
        "median_ns": 1754159.0,
        "p95_ns": 1860072.0,
        "p99_ns": 1860072.0
      },
      "qps": 582.4953845978201
    },
    "faiss_metrics": {
      "initIndexTimeNs": 2737135,
      "trainingTimeNs": 710300230927,
      "buildTimeMs": 105775,
      "loadTimeNs": 0,
      "saveTimeNs": 657696198,
      "chunkingTimeNs": {
        "count": 0,
        "totalNs": 0,
        "minNs": null,
        "maxNs": 0,
        "avgNs": 0
      },
      "embeddingTimeNs": {
        "count": 0,
        "totalNs": 0,
        "minNs": null,
        "maxNs": 0,
        "avgNs": 0
      },
      "addTimeNs": {
        "count": 592,
        "totalNs": 104802668437,
        "minNs": 109777500,
        "maxNs": 388877812,
        "avgNs": 177031534
      },
      "readTimeNs": {
        "count": 1183514,
        "totalNs": 337035313,
        "minNs": 52,
        "maxNs": 237969,
        "avgNs": 284
      },
      "ivfStats": {
        "ntotal": 1183514,
        "ivf_nq": 10000,
        "ivf_nlist": 6960000,
        "ivf_ndis": 555448510,
        "ivf_search_time_ms": 119657.0,
        "ivf_quant_time_ms": 14007.9
      },
      "hnswStats": null,
      "flatStats": null
    }
  },
  "hardware": {
    "memory": {
      "beforeMB": 8692,
      "meanMB": 9168,
      "peakMB": 9475
    },
    "power": {
      "currentMa": {
        "mean": 0.037615795,
        "peak": 0.293
      },
      "voltageV": {
        "mean": 2.8409371,
        "peak": 2.938
      },
      "powerMw": {
        "mean": 0.10720495,
        "peak": 0.860834
      },
      "temperatureC": {
        "mean": 31.507135,
        "peak": 31.6
      }
    }
  }
}