{
  "overall": {
    "benchmarkTimeMs": 145051,
    "testTimeMs": 1636,
    "indexSource": "SCRATCH"
  },
  "dataset": {
    "name": "ny_times",
    "metrics": {
      "recall@k": {
        "1": 0.7079,
        "2": 0.7506,
        "3": 0.7651,
        "4": 0.7736,
        "5": 0.7779
      },
      "precision@k": {
        "1": 0.9785,
        "2": 0.9707,
        "3": 0.9631333333333325,
        "4": 0.955875,
        "5": 0.9484399999999994
      },
      "latency": {
        "mean_ns": 98517.2,
        "median_ns": 89947.0,
        "p95_ns": 136959.0,
        "p99_ns": 136959.0
      },
      "qps": 10150.511788804391
    },
    "faiss_metrics": {
      "initIndexTimeNs": 36093,
      "trainingTimeNs": 0,
      "buildTimeMs": 143130,
      "loadTimeNs": 0,
      "saveTimeNs": 245878750,
      "chunkingTimeNs": {
        "count": 0,
        "totalNs": 0,
        "minNs": null,
        "maxNs": 0,
        "avgNs": 0
      },
      "embeddingTimeNs": {
        "count": 0,
        "totalNs": 0,
        "minNs": null,
        "maxNs": 0,
        "avgNs": 0
      },
      "addTimeNs": {
        "count": 145,
        "totalNs": 141875318228,
        "minNs": 102327291,
        "maxNs": 1280080051,
        "avgNs": 978450470
      },
      "readTimeNs": {
        "count": 290000,
        "totalNs": 280179086,
        "minNs": 52,
        "maxNs": 30972968,
        "avgNs": 966
      },
      "ivfStats": null,
      "hnswStats": {
        "ntotal": 290000,
        "nhops": 503572,
        "n1": 10000,
        "n2": 10000,
        "ndis": 8286817
      },
      "flatStats": null
    }
  },
  "hardware": {
    "memory": {
      "beforeMB": 7396,
      "meanMB": 7580,
      "peakMB": 7956
    },
    "power": {
      "currentMa": {
        "mean": 0.047615938,
        "peak": 0.289
      },
      "voltageV": {
        "mean": 2.8584216,
        "peak": 2.934
      },
      "powerMw": {
        "mean": 0.13681951,
        "peak": 0.847926
      },
      "temperatureC": {
        "mean": 33.623455,
        "peak": 33.7
      }
    }
  }
}