{
  "overall": {
    "benchmarkTimeMs": 577801,
    "testTimeMs": 4420,
    "indexSource": "SCRATCH"
  },
  "dataset": {
    "name": "ny_times",
    "metrics": {
      "recall@k": {
        "1": 0.8274,
        "2": 0.8748,
        "3": 0.8925
      },
      "precision@k": {
        "1": 0.9987,
        "2": 0.9986,
        "3": 0.9984
      },
      "latency": {
        "mean_ns": 358684.4,
        "median_ns": 281106.0,
        "p95_ns": 665337.0,
        "p99_ns": 665337.0
      },
      "qps": 2787.9662455350717
    },
    "faiss_metrics": {
      "initIndexTimeNs": 51093,
      "trainingTimeNs": 0,
      "buildTimeMs": 572344,
      "loadTimeNs": 0,
      "saveTimeNs": 986562656,
      "chunkingTimeNs": {
        "count": 0,
        "totalNs": 0,
        "minNs": null,
        "maxNs": 0,
        "avgNs": 0
      },
      "embeddingTimeNs": {
        "count": 0,
        "totalNs": 0,
        "minNs": null,
        "maxNs": 0,
        "avgNs": 0
      },
      "addTimeNs": {
        "count": 145,
        "totalNs": 571272145922,
        "minNs": 185811770,
        "maxNs": 5185715623,
        "avgNs": 3939807902
      },
      "readTimeNs": {
        "count": 290000,
        "totalNs": 419911478,
        "minNs": 52,
        "maxNs": 12118906,
        "avgNs": 1447
      },
      "ivfStats": null,
      "hnswStats": {
        "ntotal": 290000,
        "nhops": 971314,
        "n1": 10000,
        "n2": 10000,
        "ndis": 20570895
      },
      "flatStats": null
    }
  },
  "hardware": {
    "memory": {
      "beforeMB": 13356,
      "meanMB": 13493,
      "peakMB": 13793
    },
    "power": {
      "currentMa": {
        "mean": 0.03331651,
        "peak": 0.257
      },
      "voltageV": {
        "mean": 2.8386266,
        "peak": 2.919
      },
      "powerMw": {
        "mean": 0.09517574,
        "peak": 0.750183
      },
      "temperatureC": {
        "mean": 33.999443,
        "peak": 34.0
      }
    }
  }
}