{
  "overall": {
    "benchmarkTimeMs": 950449,
    "testTimeMs": 1316,
    "indexSource": "SCRATCH"
  },
  "dataset": {
    "name": "glove_100",
    "metrics": {
      "recall@k": {
        "1": 0.8932,
        "2": 0.8932,
        "3": 0.8932,
        "4": 0.8932,
        "5": 0.8932
      },
      "precision@k": {
        "1": 0.9999,
        "2": 0.9999,
        "3": 0.9998666666666668,
        "4": 0.99985,
        "5": 0.99982
      },
      "latency": {
        "mean_ns": 108333.0,
        "median_ns": 108043.0,
        "p95_ns": 109965.0,
        "p99_ns": 109965.0
      },
      "qps": 9230.797633223487
    },
    "faiss_metrics": {
      "initIndexTimeNs": 22344,
      "trainingTimeNs": 0,
      "buildTimeMs": 948580,
      "loadTimeNs": 0,
      "saveTimeNs": 527713698,
      "chunkingTimeNs": {
        "count": 0,
        "totalNs": 0,
        "minNs": null,
        "maxNs": 0,
        "avgNs": 0
      },
      "embeddingTimeNs": {
        "count": 0,
        "totalNs": 0,
        "minNs": null,
        "maxNs": 0,
        "avgNs": 0
      },
      "addTimeNs": {
        "count": 592,
        "totalNs": 946115762460,
        "minNs": 103486562,
        "maxNs": 2454053541,
        "avgNs": 1598168517
      },
      "readTimeNs": {
        "count": 1183514,
        "totalNs": 538444248,
        "minNs": 156,
        "maxNs": 6123593,
        "avgNs": 454
      },
      "ivfStats": null,
      "hnswStats": {
        "ntotal": 1183514,
        "nhops": 761885,
        "n1": 10000,
        "n2": 10000,
        "ndis": 31247120
      },
      "flatStats": null
    }
  },
  "hardware": {
    "memory": {
      "beforeMB": 5910,
      "meanMB": 6753,
      "peakMB": 7445
    },
    "power": {
      "currentMa": {
        "mean": 0.33198127,
        "peak": 0.887
      },
      "voltageV": {
        "mean": 3.3488088,
        "peak": 3.419
      },
      "powerMw": {
        "mean": 1.1127218,
        "peak": 2.990077
      },
      "temperatureC": {
        "mean": 41.607178,
        "peak": 41.8
      }
    }
  }
}