{
  "overall": {
    "benchmarkTimeMs": 5616661,
    "embeddingInitTimeMs": 256,
    "llmInitTimeMs": 4078,
    "indexSource": "SCRATCH"
  },
  "task": {
    "name": "hotpot_qa",
    "generation_metrics": {
      "total_input_tokens": 86427,
      "total_output_tokens": 27120,
      "overall_duration_ms": 5364591,
      "ttft_ms": {
        "avg": 945.662,
        "min": 349.0,
        "max": 1190.0,
        "p95": 1084.05,
        "p99": 1112.01
      },
      "decoding_speed_toks_per_sec": {
        "avg": 6.206446833008851,
        "min": 4.382268666779033,
        "max": 12.357884330202669,
        "p95": 9.00900900900901,
        "p99": 11.02809422224652
      },
      "query_embeddings_ms": {
        "avg": 25.655,
        "min": 11.0,
        "max": 68.0,
        "p95": 58.0,
        "p99": 62.0
      },
      "retrieve_top_k_docs_ns": {
        "avg": 80133.992,
        "min": 34583.0,
        "max": 1808385.0,
        "p95": 142473.99999999997,
        "p99": 233261.67999999944
      },
      "tpot_ms": {
        "avg": 168.65784839203675,
        "min": 69.0,
        "max": 584.0,
        "p95": 250.0,
        "p99": 290.0
      },
      "accuracy": {
        "bleu": 0.000963909373270765,
        "rouge1": 1.1424710039852135,
        "rouge2": 0.2065723240723241,
        "rougeL": 1.1380857632245187,
        "bleu_max": 0.31760202937711735,
        "rouge1_max": 1.145898644709001,
        "rouge2_max": 0.20213249963249963,
        "rougeL_max": 1.135898644709001,
        "exact_match": 0.0,
        "f1": 0.27245328648186384,
        "contains": 0.013
      }
    },
    "faiss_metrics": {
      "initIndexTimeNs": 46407,
      "trainingTimeNs": 0,
      "buildTimeMs": 245343,
      "loadTimeNs": 0,
      "saveTimeNs": 451979,
      "chunkingTimeNs": {
        "count": 9927,
        "totalNs": 20059956358,
        "minNs": 346302,
        "maxNs": 27588750,
        "avgNs": 2020747
      },
      "embeddingTimeNs": {
        "count": 10932,
        "totalNs": 214782412900,
        "minNs": 9806198,
        "maxNs": 46945625,
        "avgNs": 19647128
      },
      "addTimeNs": {
        "count": 1,
        "totalNs": 3937448,
        "minNs": 3937448,
        "maxNs": 3937448,
        "avgNs": 3937448
      },
      "readTimeNs": {
        "count": 0,
        "totalNs": 0,
        "minNs": null,
        "maxNs": 0,
        "avgNs": 0
      },
      "ivfStats": null,
      "hnswStats": {
        "ntotal": 1,
        "nhops": 1000,
        "n1": 1000,
        "n2": 1000,
        "ndis": 0
      },
      "flatStats": null
    }
  },
  "hardware": {
    "memory": {
      "beforeMB": 6972,
      "meanMB": 8081,
      "peakMB": 8541
    },
    "power": {
      "currentMa": {
        "mean": 0.06365028,
        "peak": 0.547
      },
      "voltageV": {
        "mean": 2.874397,
        "peak": 3.173
      },
      "powerMw": {
        "mean": 0.18630518,
        "peak": 1.7006229
      },
      "temperatureC": {
        "mean": 30.981441,
        "peak": 33.9
      }
    }
  }
}