{
  "overall": {
    "benchmarkTimeMs": 27864,
    "testTimeMs": 4323,
    "indexSource": "SCRATCH"
  },
  "dataset": {
    "name": "last_fm",
    "metrics": {
      "recall@k": {
        "1": 0.95982,
        "2": 0.95982,
        "3": 0.95982,
        "4": 0.95982,
        "5": 0.95982
      },
      "precision@k": {
        "1": 0.99872,
        "2": 0.99866,
        "3": 0.9985933333333331,
        "4": 0.99853,
        "5": 0.9984600000000001
      },
      "latency": {
        "mean_ns": 34566.12,
        "median_ns": 35336.0,
        "p95_ns": 44524.0,
        "p99_ns": 54885.0
      },
      "qps": 28930.062153345527
    },
    "faiss_metrics": {
      "initIndexTimeNs": 58958,
      "trainingTimeNs": 0,
      "buildTimeMs": 23404,
      "loadTimeNs": 0,
      "saveTimeNs": 110293906,
      "chunkingTimeNs": {
        "count": 0,
        "totalNs": 0,
        "minNs": null,
        "maxNs": 0,
        "avgNs": 0
      },
      "embeddingTimeNs": {
        "count": 0,
        "totalNs": 0,
        "minNs": null,
        "maxNs": 0,
        "avgNs": 0
      },
      "addTimeNs": {
        "count": 147,
        "totalNs": 22980237746,
        "minNs": 29345834,
        "maxNs": 421003021,
        "avgNs": 156328147
      },
      "readTimeNs": {
        "count": 292385,
        "totalNs": 120417026,
        "minNs": 52,
        "maxNs": 420260,
        "avgNs": 411
      },
      "ivfStats": null,
      "hnswStats": {
        "ntotal": 292385,
        "nhops": 4841391,
        "n1": 50000,
        "n2": 50000,
        "ndis": 35786912
      },
      "flatStats": null
    }
  },
  "hardware": {
    "memory": {
      "beforeMB": 12183,
      "meanMB": 12286,
      "peakMB": 12406
    },
    "power": {
      "currentMa": {
        "mean": 0.21104401,
        "peak": 0.506
      },
      "voltageV": {
        "mean": 2.84,
        "peak": 2.84
      },
      "powerMw": {
        "mean": 0.599365,
        "peak": 1.4370399
      },
      "temperatureC": {
        "mean": 32.9,
        "peak": 32.9
      }
    }
  }
}