{
  "overall": {
    "benchmarkTimeMs": 13307,
    "testTimeMs": 1835,
    "indexSource": "SCRATCH"
  },
  "dataset": {
    "name": "last_fm",
    "metrics": {
      "recall@k": {
        "1": 0.94978,
        "2": 0.94978,
        "3": 0.94978,
        "4": 0.94978,
        "5": 0.94978
      },
      "precision@k": {
        "1": 0.99526,
        "2": 0.99503,
        "3": 0.9948866666666667,
        "4": 0.994765,
        "5": 0.994648
      },
      "latency": {
        "mean_ns": 19453.88,
        "median_ns": 19194.0,
        "p95_ns": 23526.0,
        "p99_ns": 24080.0
      },
      "qps": 51403.62745118197
    },
    "faiss_metrics": {
      "initIndexTimeNs": 55260,
      "trainingTimeNs": 0,
      "buildTimeMs": 11402,
      "loadTimeNs": 0,
      "saveTimeNs": 45338854,
      "chunkingTimeNs": {
        "count": 0,
        "totalNs": 0,
        "minNs": null,
        "maxNs": 0,
        "avgNs": 0
      },
      "embeddingTimeNs": {
        "count": 0,
        "totalNs": 0,
        "minNs": null,
        "maxNs": 0,
        "avgNs": 0
      },
      "addTimeNs": {
        "count": 147,
        "totalNs": 11093839371,
        "minNs": 17096823,
        "maxNs": 134537760,
        "avgNs": 75468295
      },
      "readTimeNs": {
        "count": 292385,
        "totalNs": 111372180,
        "minNs": 52,
        "maxNs": 1190104,
        "avgNs": 380
      },
      "ivfStats": null,
      "hnswStats": {
        "ntotal": 292385,
        "nhops": 4965431,
        "n1": 50000,
        "n2": 50000,
        "ndis": 32363847
      },
      "flatStats": null
    }
  },
  "hardware": {
    "memory": {
      "beforeMB": 11959,
      "meanMB": 12063,
      "peakMB": 12182
    },
    "power": {
      "currentMa": {
        "mean": 0.38242176,
        "peak": 0.493
      },
      "voltageV": {
        "mean": 2.963,
        "peak": 2.963
      },
      "powerMw": {
        "mean": 1.1331158,
        "peak": 1.460759
      },
      "temperatureC": {
        "mean": 33.1,
        "peak": 33.1
      }
    }
  }
}