{
    "memory": {
        "beforeMB": 9822,
        "meanMB": 10132,
        "peakMB": 10194
    },
    "power": {
        "currentMa": {
            "mean": 0.04426935,
            "peak": 0.279
        },
        "voltageV": {
            "mean": 2.8733606,
            "peak": 2.917
        },
        "powerMw": {
            "mean": 0.1274896,
            "peak": 0.8138431
        },
        "temperatureC": {
            "mean": 34.0,
            "peak": 34.0
        }
    }
}