{
  "overall": {
    "benchmarkTimeMs": 259287,
    "testTimeMs": 3686,
    "indexSource": "SCRATCH"
  },
  "dataset": {
    "name": "ny_times",
    "metrics": {
      "recall@k": {
        "1": 0.8342,
        "2": 0.8832,
        "3": 0.8998,
        "4": 0.9072,
        "5": 0.9123
      },
      "precision@k": {
        "1": 0.9991,
        "2": 0.9991,
        "3": 0.9991,
        "4": 0.9991,
        "5": 0.9991
      },
      "latency": {
        "mean_ns": 316403.2,
        "median_ns": 291096.0,
        "p95_ns": 393225.0,
        "p99_ns": 393225.0
      },
      "qps": 3160.524293053926
    },
    "faiss_metrics": {
      "initIndexTimeNs": 821563,
      "trainingTimeNs": 232931747150,
      "buildTimeMs": 21474,
      "loadTimeNs": 0,
      "saveTimeNs": 422835208,
      "chunkingTimeNs": {
        "count": 0,
        "totalNs": 0,
        "minNs": null,
        "maxNs": 0,
        "avgNs": 0
      },
      "embeddingTimeNs": {
        "count": 0,
        "totalNs": 0,
        "minNs": null,
        "maxNs": 0,
        "avgNs": 0
      },
      "addTimeNs": {
        "count": 145,
        "totalNs": 20910282023,
        "minNs": 78150886,
        "maxNs": 359392812,
        "avgNs": 144208841
      },
      "readTimeNs": {
        "count": 290000,
        "totalNs": 167560318,
        "minNs": 156,
        "maxNs": 396250,
        "avgNs": 577
      },
      "ivfStats": {
        "ntotal": 290000,
        "ivf_nq": 10000,
        "ivf_nlist": 860000,
        "ivf_ndis": 34361919,
        "ivf_search_time_ms": 18649.6,
        "ivf_quant_time_ms": 6363.36
      },
      "hnswStats": null,
      "flatStats": null
    }
  },
  "hardware": {
    "memory": {
      "beforeMB": 5960,
      "meanMB": 6326,
      "peakMB": 6518
    },
    "power": {
      "currentMa": {
        "mean": 0.05116555,
        "peak": 0.28
      },
      "voltageV": {
        "mean": 2.8535328,
        "peak": 2.914
      },
      "powerMw": {
        "mean": 0.14668731,
        "peak": 0.81592
      },
      "temperatureC": {
        "mean": 34.5,
        "peak": 34.5
      }
    }
  }
}