{
  "overall": {
    "benchmarkTimeMs": 217830,
    "testTimeMs": 13129,
    "indexSource": "SCRATCH"
  },
  "dataset": {
    "name": "glove_100",
    "metrics": {
      "recall@k": {
        "1": 0.9533,
        "2": 0.9533,
        "3": 0.9533,
        "4": 0.9533,
        "5": 0.9533
      },
      "precision@k": {
        "1": 1.0,
        "2": 1.0,
        "3": 1.0,
        "4": 1.0,
        "5": 1.0
      },
      "latency": {
        "mean_ns": 1241173.0,
        "median_ns": 1176937.0,
        "p95_ns": 1390311.0,
        "p99_ns": 1390311.0
      },
      "qps": 805.6894566672011
    },
    "faiss_metrics": {
      "initIndexTimeNs": 349063,
      "trainingTimeNs": 177216967901,
      "buildTimeMs": 26262,
      "loadTimeNs": 0,
      "saveTimeNs": 237599635,
      "chunkingTimeNs": {
        "count": 0,
        "totalNs": 0,
        "minNs": null,
        "maxNs": 0,
        "avgNs": 0
      },
      "embeddingTimeNs": {
        "count": 0,
        "totalNs": 0,
        "minNs": null,
        "maxNs": 0,
        "avgNs": 0
      },
      "addTimeNs": {
        "count": 592,
        "totalNs": 25080269261,
        "minNs": 20534896,
        "maxNs": 100914688,
        "avgNs": 42365319
      },
      "readTimeNs": {
        "count": 1183514,
        "totalNs": 408817366,
        "minNs": 52,
        "maxNs": 630938,
        "avgNs": 345
      },
      "ivfStats": {
        "ntotal": 1183514,
        "ivf_nq": 10000,
        "ivf_nlist": 1740000,
        "ivf_ndis": 509340808,
        "ivf_search_time_ms": 82897.8,
        "ivf_quant_time_ms": 3189.75
      },
      "hnswStats": null,
      "flatStats": null
    }
  },
  "hardware": {
    "memory": {
      "beforeMB": 4518,
      "meanMB": 5014,
      "peakMB": 5286
    },
    "power": {
      "currentMa": {
        "mean": 0.051596183,
        "peak": 0.269
      },
      "voltageV": {
        "mean": 2.8844392,
        "peak": 2.942
      },
      "powerMw": {
        "mean": 0.14862911,
        "peak": 0.767995
      },
      "temperatureC": {
        "mean": 31.958408,
        "peak": 32.0
      }
    }
  }
}